[
    {
        "id": "mvsl-2026",
        "pinned": false,
        "title": "Mapa de Valores del Suelo para el Área Metropolitana de Guadalajara (piloto)",
        "year": "2026",
        "type": "Proyecto",
        "tags": [
            "GIS",
            "Valuación masiva",
            "México"
        ],
        "cover": "assets/img/projects/proyecto-1.jpg",
        "url": "https://valorsueloamericalatina.org/",
        "html": "<p>Resumen corto del proyecto. Describe objetivo, método y resultados. Puedes poner listas:</p><ul><li>Datos: ...</li><li>Método: ...</li><li>Salida: ...</li></ul>"
    },
    {
        "id": "presentacion-alejandrolepe",
        "pinned": true,
        "title": "Presentación Alejandro Lepe",
        "year": "2025",
        "type": "Presentación",
        "tags": [
            "AI",
            "City Science"
        ],
        "cover": "assets/img/projects/proyecto-2.jpg",
        "url": "https://github.com/apciudad/demo",
        "html": [
            "<p>Demostración del sistema de agentes urbanos.</p><div class='video-wrapper'> <iframe src='https://www.youtube.com/embed/hMQERhMnB78' title='Demo'frameborder='0' // allowfullscreen> </iframe> </div>"
        ]
    },
    {
        "id": "hedonic-2025",
        "pinned": false,
        "title": "Modelo hedónico para pronóstico de valor de suelo",
        "year": "2025",
        "type": "Investigación",
        "tags": [
            "Hedonic",
            "Econometría",
            "Urban analytics"
        ],
        "cover": "assets/img/projects/proyecto-3.jpg",
        "url": "https://github.com/apciudad",
        "html": "<p>Resumen corto. Aquí puedes meter links como <a href='https://example.com' target='_blank' rel='noopener'>este</a>.</p>"
    },
    {
        "id": "calculadora-plusvalia-2025",
        "pinned": false,
        "title": "Calculadora de plusvalía",
        "year": "2025",
        "type": "Proyecto",
        "tags": [
            "Hedonic",
            "Econometría",
            "Urban analytics"
        ],
        "cover": "assets/img/projects/proyecto-4.jpg",
        "url": "https://github.com/apciudad",
        "html": "<p>Resumen corto. Aquí puedes meter links como <a href='https://example.com' target='_blank' rel='noopener'>este</a>.</p>"
    },
    {
        "id": "calculadora-habitabilidad",
        "pinned": false,
        "title": "Calculadora de habitabilidad",
        "year": "2025",
        "type": "Proyecto",
        "tags": [
            "Hábitat",
            "Econometría",
            "Urban analytics"
        ],
        "cover": "assets/img/projects/proyecto-5.jpg",
        "url": "https://github.com/apciudad",
        "html": "<p>Resumen corto. Aquí puedes meter links como <a href='https://example.com' target='_blank' rel='noopener'>este</a>.</p>"
    },
    {
        "id": "Levantamiento-dron-costco",
        "pinned": false,
        "title": "Levantamiento topográfico con dron",
        "year": "2025",
        "type": "Proyecto",
        "tags": [
            "Dron",
            "Topografía",
            "Urban analytics"
        ],
        "cover": "assets/img/projects/proyecto-6.jpg",
        "url": "https://github.com/apciudad",
        "html": "<p>Resumen corto. Aquí puedes meter links como <a href='https://example.com' target='_blank' rel='noopener'>este</a>.</p>"
    },
    {
        "id": "expansion-urbana-2025",
        "pinned": false,
        "title": "Expansión urbana",
        "year": "2025",
        "type": "Proyecto",
        "tags": [
            "AI",
            "City Science"
        ],
        "cover": "assets/img/projects/projecto-7.jpg",
        "url": "https://github.com/apciudad/demo",
        "html": [
            "<p>Demostración del sistema de agentes urbanos.</p><div class='video-wrapper'> <iframe src='https://www.youtube.com/embed/hMQERhMnB78' title='Demo'frameborder='0' // allowfullscreen> </iframe> </div>"
        ]
    },
    {
        "id": "expansion-urbana-20244",
        "pinned": false,
        "title": "Expansión urbana",
        "year": "2025",
        "type": "Proyecto",
        "tags": [
            "AI",
            "City Science"
        ],
        "cover": "assets/img/projects/projecto-7.jpg",
        "url": "https://github.com/apciudad/demo",
        "html": [
            "<p>Demostración del sistema de agentes urbanos.</p><div class='video-wrapper'> <iframe src='https://www.youtube.com/embed/hMQERhMnB78' title='Demo'frameborder='0' // allowfullscreen> </iframe> </div>"
        ]
    },
    {
        "id": "expansion-urbana-20283",
        "pinned": false,
        "title": "Expansión urbana",
        "year": "2025",
        "type": "Proyecto",
        "tags": [
            "AI",
            "City Science"
        ],
        "cover": "assets/img/projects/projecto-7.jpg",
        "url": "https://github.com/apciudad/demo",
        "html": [
            "<p>Demostración del sistema de agentes urbanos.</p><div class='video-wrapper'> <iframe src='https://www.youtube.com/embed/hMQERhMnB78' title='Demo'frameborder='0' // allowfullscreen> </iframe> </div>"
        ]
    },
    {
        "id": "expansion-urbana-2028",
        "pinned": false,
        "title": "Expansión urbana",
        "year": "2025",
        "type": "Proyecto",
        "tags": [
            "AI",
            "City Science"
        ],
        "cover": "assets/img/projects/projecto-7.jpg",
        "url": "https://github.com/apciudad/demo",
        "html": [
            "<p>Demostración del sistema de agentes urbanos.</p><div class='video-wrapper'> <iframe src='https://www.youtube.com/embed/hMQERhMnB78' title='Demo'frameborder='0' // allowfullscreen> </iframe> </div>"
        ]
    },
    {
        "id": "expansion-urbana-2027",
        "pinned": false,
        "title": "Expansión urbana",
        "year": "2025",
        "type": "Proyecto",
        "tags": [
            "AI",
            "City Science"
        ],
        "cover": "assets/img/projects/projecto-7.jpg",
        "url": "https://github.com/apciudad/demo",
        "html": [
            "<p>Demostración del sistema de agentes urbanos.</p><div class='video-wrapper'> <iframe src='https://www.youtube.com/embed/hMQERhMnB78' title='Demo'frameborder='0' // allowfullscreen> </iframe> </div>"
        ]
    }
]